sequence,target
GCAAATTTTGCACAAAAAATAGGCTTTAGTGATTTGTTTTTGTTCAAAATCATGCCAAATCCGTGATCGGGGTAAAAAAAAGGTTGCATGAAAACGCGAGCGGAGTATAGTGCGCATCCACGGACGCGGGGTGGAGCAGCCTGGTAGCTC,52.0105473273162
GTATCTGCCTCCGATTCTCTGCAGAAGCAGAAAGACATTGGATCGAATTCTACAACCAGGTCGAGTCAGAAATGAGAATGATTGGCCTTCTTTATGATTTTAAGGATTATGCTTCTAAAATGGCGGAGAACATGGCGAGGCTTGCTGCCT,0.565387494883117
CTTCCAGGCGGGTGGGGTCAATGTCCATCAGGGCAATATGCGCCGTTTTCAGCGCCTCGCGATGGAACACATCACCAAGAATATTTTTAACGAAAATCGTCGAACCAGCGCCGATAAATGTAATTTTGGGTGCAGACATCATGCAGATCT,0.690511304449063
ATCAAAAATGAAGCCGATAACGGCCTGCGCAACACGCGTGGCACCATCGCGATGGCACGTACCGCTGACAAAGACAGCGCCACCAGCCAGTTCTTTATCAACGTTGCCGATAACGCCTTCCTTGACCATGGTCAGCGTGATTTCGGTTAC,0.696463695823192
GATCGGGCCGGAAGCCGGACACCGCGCAGGTTGGTACAACCACTATGGACGTGTCTGGGTGCTGAAAACCGCCCCGGGCGCAGGTAACGTCTTTAGCGGCTGATGTGATATTCTGTATGCCGTTTTTACGGATATGACAGGGTGAGGGGT,1.0945815881881
TGGGGGCTTACGGCATCATTAACCAATACTGTCTGAAAATGATTGGTGGACCGATTGGTGGCATGATTTCAGATAAGATCCTGAAATCGCCAAGTAAATATCTATGCTACACCTTTATCATTAGTACCGCTGCGCTCGTACTGTTGATTA,0.621065791514258
GCGCAAAAAAATGCAGCAGTGAAAGCTAAAAATGGTTATAAATACGCCAGTTTGCCGGCATCAGAGAAGAAACGAATATTTGAAATGCAACAAATAGAGCAAAGGGATAAAATAGCAAAAGCGTGATGAAAATGTTATTTTCCGATGCCG,1.731337998278
GAAAACTAACCTTTACCCTGGCACAAGTCTTCTTTCGCCGCGCGCCTGGGGAAAAGACGTGCAAAAAGGTTGTGTAAAGCAGTCTCGCAAACGTTTGCTTTCCCTGTTAGAATTGCGCCGAATTTTATTTTTCTACCGCAAGTAACGCGT,0.892924164248177
CCCAGGGGTCAATTGGTCTGGAAAATGAACTGACTGCGGAAGATGTGGCGAGCGCTGATATGGTGATTCTGACCAAAGATATCGGCATCAAGTTTGAAGAGCGTTTTGCTGGCAAGACCATCGTGCGCGTCAACATCAGCGATGCAGTAA,0.558218365564446
CGCCGTTTGAGTACTTTACTCGTCGATATCAAATTGTGCGTTCGCGGCGATAATTTCACCCTGGCCGGATAGCCCTTCGCTCTCCGGCCACTTGCAGGCTATGATAGTTCTCCAGTCACAGGAGAACGTTAATGAAACCGCAGGTGTACC,0.790732977382961
TACCGGCCAACTGAATGGAACCGAGGTTGCGCTTCTGAAATCGGGCATCGGTAAAGTCGCTGCGGCGCTGGGTGCCACTTTGCTGTTGGAACACTGCAAGCCAGATGTGATTATTAACACCGGTTCTGCCGGTGGCCTGGCACCAACGTT,0.68387230297913
CTACCCTGGCAACCACCGGTTTCTCCACACTGTGGGGCTACGCGCAACTGCTGGTCGTGCTGGTTGGCTGTATGTTACTGGTGGCGCTGGTGGTTAACCCATTGCTGGTGTGGTGGAAAATTCGTCGTAACCCGTTCCCGCTGGTGCTGC,0.690026359865072
ATGGACGCCGCACGCGGGTCTTCGTAGTGGTGCATCTCGTGCTCGATCGCTTCACGCTCTGCCGCACTCAGCTCAAAAGCCTCGGTTTGTGGTTGTTGATTCTCGTGCATAATTAGCGGTCCACATCTGACATAACAAAATCGATACTGC,0.647890913978092
TATCCCCTGTCACGCAGCCAGGCCATCTGGTTATTGAAAGCGCGTACCGATGTGGTCGTCGAAGTATGGCGAAAACGGGTGTTTTCTTCGTCGCGCAGAATATGGTGATAGGTTAGCACCGACAGGCCATTATCGGGTTGGGCATCCAGT,0.69343153237128
AATATATTGCAGAAACCTTGTAGGCCTGATAAGCGTAGCGCATCAGGCAGTTTTGCGTTTGTCATCAGTCTCCGATGCTATTAATCCTTAAATCCCCGCCCCCTGGCTAAAATGCTCTTCCCCAAACACCCCGGTAGAAAGGTAGCGATC,0.632332977193435
CGTTTGTCTGCGCTGTGTGCCGCAACGACCGCAGCAATGGGGGCCGCCGCCGGGATGGCATGGCTGGTGGATGGGCGTTATGAAACCATCTCGATGGCGATCAGCAGTATGATCGGCGATGTCAGCGGCATGATTTGCGATGGTGCGTCG,0.577755417382708
AATAGTTGACTTAGTCCCTTATTGGCGATGTGGTTTTTGTTTTACCTGTCTGTCAGGTGGCAGCAAAAAGCAACTTTCCAGTTTTTACGCTGATTCAGATTTTAGCTATAAAAAAACCCGCCGAAGCGGGTTTTTTCGAAAATTGTTTTC,0.769500455544698
TTCAAAGTCTCCTCGCCATCGGGCTACGTGCGTAGCCGTCAGGCGTGGATTTTACGGCAGATGTATCAGTTAGGCGGTGAGCCGTTTATGCAACAACACCAGCTGGATTAAGCTTCGCGCGAAGTGAGGGCCAGCGTTTTGCTCTCACGA,0.656116000958479
GCAATTCTCTGATAAACGGGCGCAGGCTGTTTCATCAATATTTTCCTCCCGCGCTAAAGATCACATAATCTTAACAAGAATGTTAAAAAACGCTGGACTCAGACAGTAGAGTGTGTGTTATGGTTGACTATAAAGTCAGCGAAGGAAATG,16.0067601637727
TCGATGATTGACGTTTTCGTTATCGCGGTGCTCTCGGCGCTGGTGCGTATGGGAGGTTTAATGAGTATTTATCCGGCAATGGGTGCATTAATGTTTGCTTTAGTCGTCATAATGACAATGTTTTCTGCTATGACGTTTGACCCGCGTTTG,0.717537922351409
ATTTCCCTGAATTGTGACAGACATAGATTTCTCCTTTTAAAAAAGCACTATCGGCATGCACAAAAAAATCTTTAATCGTATTTCTTGTGTCATTAATTGTTTGATGTTCAGATTGTTTTCCTCGCGGGCTGGCGCGCCTCAGAAAGTAAA,0.756126155566394
TTCATCCCGTTCTGCCAGCTGGCGTTTGAGACGTGCAATCTCGGTAGACATCTCCAGTTCACGTTCAGAAGACGTCTGCTGATTTTGCTGTTTACTGCGCCAGTTGTAGAGTTGTGATTCATACAGGCTGAGTTCACGGGCTGCGGCAGT,0.665137465140617
TTCATCCCGTTCTGCCAGCTGGCGTTTGAGACGTGCAATCTCGGTAGACATCTCCAGTTCACGTTCAGAAGACGTCTGCTGATTTTGCTGTTTACTGCGCCAGTTGTAGAGTTGTGATTCATACAGGCTGAGTTCACGGGCTGCGGCAGT,0.665137465140617
TTCATCCCGTTCTGCCAGCTGGCGTTTGAGACGTGCAATCTCGGTAGACATCTCCAGTTCACGTTCAGAAGACGTCTGCTGATTTTGCTGTTTACTGCGCCAGTTGTAGAGTTGTGATTCATACAGGCTGAGTTCACGGGCTGCGGCAGT,0.665137465140617
TTATTTCTATCGCTAAGAAATACACCAACCGTGGCTTGCAGTTCCTTGACCTGATTCAGGAAGGCAACATCGGTCTGATGAAAGCGGTTGATAAATTCGAATACCGCCGTGGTTACAAGTTCTCCACCTACGCAACCTGGTGGATCCGTC,0.729371862234648
CGGCCAGAAGCAGTGCTGTGATCAAAATAAGGCAGAAACGCATTCCGTACGGTTCCTCTGTTTTTTATTCTTGCATTAATTTAGCGTCGTAATTACCCGATTTTCAAGATACTAATGAAATCAGATGGTCGAAATCAGCATTCTGTGACC,0.670980755588548
GCAGATACAACTCACACAATGCACCCGCTGTGTGAAATAAACAGAGCCGCCCTTCGGGGCGGTTTTTTTACATGGCACGAAAGACCAAACATTTGTTATCAAATGGTAAATAATAAGTGAGCTAAAAGTTGCTTAACGAAAGCAAAACAG,0.936175070087418
GTTGCGCAGTAAAAGCTGCGGATAGTGAGTTTTAATCGCCCGATAGATGACAGGAAGGACCAGTGCTCCGACCGAGGGAGTGGTCGCAATAGTTATCGTTCGTTGCTTATCATAGCTTCCTTCGATATCCAGCGCGCCAAGAATGGACTC,0.701202525719499
TTTCTCACCGTTAACGGTGAAGGACGGGGTTTTCTCGTTGTGGAATGGACAACACGCGTGGAAATTCTTGCCCTGCTTTTTCAGCTTCACACGGGCATCGATCAGATCGACGATGTCAGTGCGTGCCAGCAGATCATTAATGAATACGCG,0.72902789795271
TTTCTCGCTGATGTAGTGGCCTTCCAGCACATCGGCTAACTGTTGCTGGGCGTTATCGGGGTCAAGGTCAGTCAGGAAACCCAGGTTGCCACGGTTGATTCCAATAACTTTAATATCGTAACGGGCGAGTGTGCGTGCCGCGCCCAGCAT,0.587600802276743
AGAACGTCCGCAGCTGCAGAGGCTTTCACGGTTCCCCAACGCTCGTGGTGATACCAGGCAACCCCCGCCATAGCCGTACTATCACGCTTATCAAGCTGTTGCATGGCATAATCGTCATTATCGGTAGGGTCAAATTCCAGCGGCATCCAG,0.642431132905521
GTCAGGTTACCCATCAGGCTACCGACGGTGGAGAAGTTCGACAGCGATACCAGCGAACCATGATCTTTATACTGATAATTTTTCAGCGGCTTACCGTTCATCTGCGCCAGAATGTTGTTCATTGCGCAAGTCGCCATCTGGTGTGCAGCC,0.779839199551696
AGGGTTAACATTACTGCAGCACTCAACCAACGCATTTTCATCATTTGTAGTTTATGTTTCATAATTAGTAAGCACTTCCCCCTTTGTGTGCTTATATCGATCCGATCTATTTTAATGGATAACCAGCCATTCCGACAACAGAATCCCGGT,0.706678989082593
CACATTGATATCTGTCTGAGCCCCGCTCTGCGGGGATTTTTTCGCCAAAAGCAAGGTGATTCAGATGAGAAATCTGTGATCTATTTGGCAAAATTATGCTTTATTGTTTACCCTTGTCAGACTGCCCGTCATAAGGCGGCGGAGTGTATT,1.10420517466335
AGACGATAATAAAATCAAGTGATTAACTGATTGCTTGATGAATGCGGGAATAGCTCAGTTGGTAGAGCACGACCTTGCCAAGGTCGGGGTCGCGAGTTCGAGTCTCGTTTCCCGCTCCAGTTTAAAAGACATCGGCGTCAAGCGGATGTC,0.621495147320409
TTTCTGGCTGGCAGGTTTTGTTTCCGTTCTCATTATGCTGGTGCTGTGGAATGCAGGTTACATTATCCGCTCCATGGAAAACATCGATCCGGCTCTGGCGGACAAAGCCGTGGGTTATCTGCGTGCGTTGTTGTGGGGCGCGCCGGGATA,0.66905530895203
AGCGTTATCTCGGTGCTCGTGAAGAACCTTCCTCCTTCGCTTCCTACGGTACATGGGCGCGAACCGCTGACAAGCTGGTATTAACCGACAGCAAAGGTGAAAAGTCATATTATCGGGCGAAAGGCGATGCGCTGGAGATGCTCGATCGTG,0.69883406157866
TTATAAAGATATGACCAAGTTCTGGGGCAAGTTGTTTGGTATCAACTTCGCTCTGGGTGTGGCTACCGGTCTGACCATGGAGTTCCAGTTCGGGACTAACTGGTCTTACTATTCCCACTATGTAGGGGATATCTTCGGTGCGCCGCTGGC,0.632547998179088
CAGTCCGTTGGAGTCCATATTCTGGCAACCAGTCAGTACCGTTGCCACGCTCATTGCTACCAATAAGGCGCGAATTTTCATGTTTTCTCTTCCGCACAAGGTCAGGATTATTCTAAAAATGCGCCGTTTGCAGGTGAATCGACGCTCAGT,0.710991106580664
TTGAAATTACGCTCGAAAAACCGGCTGAAATTGACGTAATGCGTGATGCATTGCAAAAAGCCGGTTTTGAAGAGCCGATGCTGCAAAACTTTGGTAGCAGCCATGACATCATGGTCCGTATGCCGCCTGCTGAAGGCGAAACCGGCGGTC,0.547746414906248
TCCCGACCCCGGTAGGGCCGGCAAACAGGAACGAACCAACCGGTTTATGTTCGTGACCTAAACCTGCACGCGCCATCTTAATGGCTTCAGTCAGCGCCTCAATGGCTTTATCCTGACCGAAGACCAGCATTTTCAAGCGATCGCCGAGGT,0.739531287451089
CGCCTGAATATTGGTCGCAAAGTTACCGGGATCGATATAACCAATCGCCGCAATGAACGCAGGTCCCATTAATGCGAGCCTCATCTTGCGCGCCGCCCGTCCGCTGCTACTCTCAACGCGATAGTTCGTCATCTTGTGCCTCTAAAACAT,0.677470568935322
GTTAGTCAGTGCCGTCCAGCGGACATGCTGACGGTTACCGTTGTTCTGCGGGAAGGGATAGTTCTCGAACATGGCATCGACGGTGCTGCGCCAGATATCGATGATGTTAGCCTGCTGGCTGTCGGCGTAGTTTTCGCCCGGTCCACGACC,0.64351334658292
AGTACAATTGCGCAACAAAAGTAAGATCTCGGTCATAAATCAAGAAATAAACCAAAAATCGTAATCGAAAGATAAAAATCTGTAATTGTTTTCCCCTGTTTAGTTGCTAAAAATTGGTTACGTTTATCGCGGTGATTGTTACTTATTAAA,0.658801230049448
TCAGGCAGTTTACGGCCTGCCCAGATTTCCAGCTCGCGGCGGTTAGGTTTCACCAGCCACGGTGCCGCTTTCAAACCTGCTACTAACGCTTCACGGCTACTATCAAAGATAATGCAAGGACACTGACTACGCAGGCGAGTCATCCAGTCG,0.572820856311751
AATAGCAATCAAACCGAAGCCACATATGCGCGGCCAGATTGTTGACAAAGGGCGCTTTGTTCATGCCGGATACGGCATGAACGCTTTATTCGGTCTACAAAAGCAGGCAAATTCAATATATTGCAGAGATGATGTAGACACTGGCAAGCG,0.633893096374373
GACACTAAGTCTGCGATGGTGCTGGAAGATCTCATTGGTCAGTTCCTTTACGGTAGTAAAGGCGATGACAATAAGAATAGTGGCGATGCGCCAGCTGCTGCGCCAGGTAATAATGAAACCACTGAACCTGTGGGTACAACGAAATAATTT,0.520566579706863
ACATTGACGACAGCAATCAGCAGGCATTTGCACGGAAATATAGCCGGGCGGCAGGCAATGTCGATGACCAGATCAACCGCGTGCTCAATGCACTGCGTGATTCTGGCAAACTGGACAATACGGTGGTGATTATCACTGCCGGTCGGGGTA,0.662892062053357
GTCAATATGCTCGTCAATCCATGCGATAAGATCCTGAATAATTTTCTGATGGGACATAAATCTGCCTCTTTTCAGTGTTCAGTTCGTTAATTCATCTGTTGGGGAGTATAATTCCTCAAGTTAACTTGAGGTAAAGCGATTTATGGAAAA,0.660281839081214
TATTGGCAGCGACGAAATGTGGGATCGTGCTGAGGCGGACCTGGCGGTTGCGCTGGAAGAAAACAACATCCCGTTTGAATATCAACTGGGTGAAGGCGCTTTCTACGGTCCGAAAATTGAATTTACCCTGTATGACTGCCTCGATCGTGC,0.67527574313779
TGATTCAAACTCCGCGATCATCTTCTTTCCTCATTGTAAAACGTGGCGCTGGCTTCAGTTGAGCGCTTCCGGCCACGGGAACTGTTCCGCCGTAAGTTCCGGCGTGTGATAATAATTTTGTAGTGCTTTAATGAAGCGTGCCGGACGTTC,0.767243435158968
GTAGCAGGCGGATAAGACGAAAATCGGGCAGGGGCATAGTGATGACAAGTCCTTGAGATACGTTGCAGTTATAACCCTTAATGCTAGCGTTACCGTCCGCTATCGTCTATGTTCAAGTTGTCTTAATTGCCAGAATCTAACGGCTTTCGG,0.55709157098547
GCTATCCGCTGGAACGCCATCATGACGGTGCTGCGTGCGTCGAAAAAAGACCTCGAACTGGGCGGCCATATGGCGTCCTTCCAGTCTTCCGCAACCATTTATGATGTGTGCTTTAACCACTTCTTCCGTGCACGCAACGAGCAGGATGGC,0.629552839005005
GCCGGAGTACAAATACTGCGCCGTTCGCGTCGAGCCGATCGCCGATCAGCGCGCCGCCGAGCAGTACGTGATTGACGAGTACAACAAGTTGAAAACTCGCCTGCGCGAAGCGGCACTGGCGTAATACCGTCCTTTCTACAGCCTCCTTTC,0.680454921985259
CACCGCCACGCCAGCAGCCAGACCGCCGCCGCCGACTGGCACAAATACGCGGTCGAGATGGGCGTCCTGCTGGAGCAGTTCCAGCGCCAGCGTGCCTTGCCCGGCAATCACCATCGGATGGTCGAACGGCGGCACCCAGGTGAACCCCTG,0.749332937354383
GAATGGATCGACCAGCTCGGGGAGATCACCGCCTGCTCGTTATGCATCACAATATGACGCGTTTCTTGCGGCTGCCCCATCATGTGGAAAACGCAGGCGTCATCATCCATATTGAAATAGAAATAAACTTCCATCCGGCGCTCGTGGGTG,0.564860692120812
TTCAGAACGGTAGGTCAGTGCATAGCGGTTATTTTTATCCAGTTCATACAGGATTCCGGCGTTCCAGCCAAAGCCCCACTGGTTACCGTTCAGATGAGCGATTTTGGTATTACTGTCAATACCGTTGGCGGTAGCTGCCAATGCTTGCCC,0.630393106818024
AAACATTAAAGGGTGGTATTTCAAGGTCGGCTCCATGCAGACTGGCGTCCACACTTCTAAGCCTCCCACCTATCCTACACATCAAGGCTCAATGTTCAGTGTCAAGCTATAGTAAAGGTTCACGGGGTCTTTCCGTCTTGCCGCGGGTAC,0.615704421698235
GTTTCCAAGTTTGTAAACTCTCAGGCTGCGGCGCTGGCGGCGATTGTTCCGGTCGCGCTGGCGATCGGCGTTGATCCGGCATACATCGTGGCTTCAGCACCGGCTTGCTACGGTTATTACATCCTGCCGACTTATCCGAGCGATCTGGCA,0.685834239834231
AGGTTTACTTCCCGCCGGAAATAGCACAAACACGCTATTATTTCCCGACAAACAGGGGCCTTGAAGGCAAGATTGGCGAAAAGCTCGCCTGGCTGGCTGAACAGGATCAAAATAGCCCCATAAAACGCTACCGTTAATGTTATCGTTGCG,0.767243435158968
ATCCGGCGGCTTTCTGCTTCTGGAACATGGCTGGCAGCAGGGCGAAGCGGTGCGACAAGCATTTATCCTCGCGGGGTATCATGACGTCGAAACCTGCCGTGACTATGGTGATAACGAGCGCGTAACGCTCGGCCGCTATTATCAATGACA,0.640161282702871
CATCGCAAACATTTTCGCAAAGGACACAACCCGTTGCTGGTGTATGGCTATGGTTCTTACGGCGCAAGTATTGATGCCGATTTCAGTTTTAGCCGCTTGAGTTTGTTAGATCGTGGCTTTGTCTACGCCATTGTCCATGTTCGCGGCGGT,0.64325371818634
CACAGTCTCTATCTTTACGGTCACTGTGCCGAAGGCGATTGCCGCGAAGATGAACATGCGCACGAAGGCAAATAAGCCAGCCTGAACGAGAAAAGCCAACCTGCGGGTTGGCTTTTTTATGCAAGGGAAATAAGAAAAGCGAGAGTTACA,0.688787626610874
GACTGGGCGAAAATGCGTGAAATCGCTGACAGCATCGGTGCTTACCTGTTCGTTGATATGGCGCACGTTGCGGGCCTGGTTGCTGCTGGCGTCTACCCGAACCCGGTTCCTCATGCTCACGTTGTTACTACCACCACTCACAAAACCCTG,0.627110071415368
TGCCCTAAGGCCTTTTATCAGCTCGATATCGCGTTCTTCGCACTCAGCTAAAAGTCGGAATATTTCCCACTGAATGTCCCATTCTTGCTCTACAGCTGGGTTTTCTTTAAGCTCTTCATCGCTCATTTCGCGACCAGCCTGAGTCATTTC,0.923004441492866
AGTGCCTCCGGTGCTTTGCCAGACACATTAAGTAGCCTGCCTGCGTTACCTTCGCTGGAAGGGCTGACGGTACGCAAGCTGCAACTCTCTATGGACCCGATGCTCGATATGATGGGGATGCAGATGCTAATGGAGAAATATGGCGATCAG,0.701202525719499
CCAACCACACTTCAGCGCACTGCGTTTAAAAAATGCCTCATTCTTATGCGGAATATCATCATTTCATCATGATGTCTTTGATGAGCGGTGAACACAATACACTTGCGCTGTCTCTTCAGGATGAATCCCCTGGTCTGGTGCCTGTGGGCT,0.699766138372716
TACCGGTTTAGCAACTTTGCGAAGCCGCTCGTCCGGAATATGTAACACTTGCAAAACTGACATAAATCTCCAGAGATGTGTTCAGGAGTTAGAAAGATTATTTCTTCTATTCTAGACAAATCCCCCTCTGATTGACAGCATCACTGACCA,0.651055927197494
TTCGGCCAGGCGATGTTTGGCTGGCATAGCTGGCAACTGTTGTTGGCAGAACTCGGTACGCTGGCGCTGGTGTGGTATATCGGTACTCGCGGTGCCAGTTCCAGTGCTAATCTACAAACCGTTATTGCCGGACTTATCGTCGCGCTGATT,0.668876204008268
AGTTTGGCGAAGCTATAGTCATAAGCGGTGATGGTCGCGAAACGTTTTTTTTCCTGTTTGTACTTCTGCAGTAAGGAGATGGTGGTCGGTTTCATAACGTATCCTGATAAATTGATGTTGTGCTGTCTGGCATTTTATCAGTCACATTGG,0.524125546183995
AACCATACCCAATCAACCCAACACGGATGTTGTCGCTCATGTCATTGCCTCTCATTGAAGTATGATGGCTATTTGACACTATCCTTTACCCACGCTCAACAGTTTAATAACCTGCCAGCAATAAGGGATGTTGTTTAACTTAAGTCAAAA,0.781225014637942
CTTTCCACGTTGCGCTCCTCTTAGAAAAAACGGGCGTGAATTGTAAAGATTCCTCAGTGGTCGCACCAGCATCAATATTACTAAAAGGAAGTATTTGCCTGAATTATATAAGATAATTATTTTTTGAGTGAAATCCATACAGGGGGCAAA,0.659112582282175
AGCGGCGTGATTATCTGGCGTCCTTATTTTGCGCCTGCTTTCTCAATCCCGGTGATCCGATTCGCGTTAATGCTGCATTCATTTGCCGCAGTGGCGTTAATTGTGGTTATCATGGTGCATATCTACGCCGCCCTTTGGGTGAAAGGCACG,0.937930850439417
TTCATTTGAAAGTGAATTATTTGAACCAGATCGCATTACAGTGATGCAAACTTGTAAGTAGATTTCCTTAATTGTGATGTGTATCGAAGTGTGTTGCGGAGTAGATGTTAGAATACTAACAAACTCGCAAGGTGAATTTTATTGGCGACA,6.40344519308815
AATGAATCGCATAAAAATACAAAAAAAATGAAGATGTAGCGGCAGATCAGACCAAACTGAAGCTATTTAAGTCAAAAACGGGAAAAGTAATGGTAAAGCCACAGCTAAATACATAGAATCCCCAGCACATCCATAAGTCAGCTATTTACT,2.14869384281055
GTTCGCGGCAGCGTTGAAAGTGTTGATCTGGCTGGCACTTTCTCTACTTACCCTAATCCTCATATCAATTTTGTGCAGGCTTTCGCAGTTGAGATGGTGATTACCGCTATTCTGATGGGGCTGATCCTGGCGTTAACGGACGATGGCAAC,0.692389888797912
TGGCTGTCTTCTTTATAGCTGATGGCGTTTTTCAGCTGCTGCCAGGACAAAAGCCCGATGCAGTGCTGGCGCGTGATTACATTGCCACTTTTAAATTGTTGGGTCTGTACGACATTGAACAGTGCTGGGTTTGTGCGGCTTCACTGCGCG,0.653297396731749
GGAAGTCGAGAGGACGGAACACCAGAACCCGATTTTCAGCAACAAGTCAGACTGGCATTTGATAATTTGCATGCGACCCTGGCAGCTGCGGGATGCACTTTTGACGATATCATTGATGTTACGAGCTTCCATACCGATCCAGAAAACCAA,0.623831973249763
CAGAAGATCGTCCACATCAATATAGCGAGCTTGTAGATATTCATCATCCAGTTGCTGGTATTGCTGGCTAAGTTCTTTAAGAACTTGCTGCCAGGCATATTCTGCCGTGCAATGTTCATGCTGAAGGAGTTCGCTTGCCGCCGCCAGCAG,0.696465597437821
AGTAACCACACGGCCAACAGGCTGACGCCCGCCGCCAGTGTCCACATGGCAAAGGCATAACCTGCCGGATATGCGGTACGGGAGATAAAGTTGTCATTTACTCGTGTATATTCAAGCGTCTGGCGGCAAACCAGCAGCAAAATAAGCCCT,0.672511475506604
AGCTTTCTTTGAGTTGATAATTTAAGCTGAACTGGGTGTTATATTTAATATCAGCGAAAATAAGTTTATCCGCCAGCAACATATTTAACACATCCTGATCAGGATGTGTTATTTTTTTGATTATTTCTGGCTCATTTAGCATTGCAATAG,0.871037186362291
AATGGCATGGCGATAGCAGTTAAGCCCTTCCATCGGTAAATAAAGCGAAGCGCCATGAGGCTGCGCATTCAGGCGCGCTTCCGCCTCCGCCACGGCTTGCAGTTGTGGAATAATTCCGTCTTCGTTGTAGTACAGACCGATACTTAAATT,0.680098511404639
GGCAGGTGGGTGGCAAATTTACCTGGCCGCTGGATAAAGACAACTTCGAGTACCACTATCCGCGCGGTTTCGATGATTGCTTCACTATTGAACCGGATCTGCCGTTCAAGTCATTCCTGTAATCTGTCGTTTATACCGGGTAGCGTGGAG,0.63802288621501
GCTACTGCCTTTAAGCTCGATTGGCGTGTTTGACATCCTGGCCTTACTCAATTAGCTATTAATCATCGCCAGCGCGCGATGATGTTCCGAAGACTATAAGGCATGTTATAGTCTGGATTATATTGAGGCAAGTCACCCTCCCATTTATTC,1.26375625236991
CGGCAGCAACAACGCCAGATGGTGCTGCGCCGTTGCCAACCGATCAGGCTGGCGTGACCACGCCGGTGGCTGATCCGAATGCGCTGGTGATGAACTTTACTGCCGATTGCTGGCTGGAGGTCACTGATGCTACCGGTAAAAAATTGTTTA,0.613482528343328
CTCGTAGCACAACGTCCGAAAAGGTCTGTCTGTAATGCCAGCCATGGGCGCTGCGATCAGGCGATTTCTGAGCTGATATTGTCCGATGCGCATGAGTTAAGAAATGACCATACTGTGACTGCAAGGCGGCGTATATTACGCATTTTTTGC,0.627295232510563
CGTAATTTGTGGTGTGTTAAGAGCCATGACGTGCCAAATGTAATAAGAATTAACATTAATCTTAACCCATGATGGGAATGATCTTGAGCATTAACGCATTTAATGCTTATTTTAATAGGCTGGCAGATCCAGGTAAGACAACCAAGTGAT,1.46669047033103
CCGAACCTGGTATTTTTGCTGTTCACTGCCGGATTGCTCGGGCTGGCCTGGTGGATACGCGGACGCGAACAAAAAGCGCCTGCCGAACCCAAACCGGTAAAAATGGCAGAGAATAATACCGTTGTCGAAGCGACGTGGAACGATGTACAA,0.605651936151976
CGTTGCGCGTGACAAACGGTCAGAGACTAACGTACTCGTCATCTCTACGCTAGTGTTAATCCTGTCCGAATAGCGTCAGTGGTGTTAGGCACGGCATTGAATGACAGGTATGATAATGCAAATTATAGGCGATGTCCCACAATTGACCGC,0.803958889597328
GATCTCGGCGTGGTGAATATGTGCGCTGAACGCAAACTGCCGTTCGTCGCCGGGCACGCGCTGAACTGCTACAACGCGGTGACACTGAAAATATTGCTCAAACAGGGCATGATGCGCTGGTGTATGCCAGTGGAGCTTTCCCGCGACTGG,0.613580980748557
TGGAAAGCGTCTGACGATCAAAAAGAGTGGACGTTCACCCTGAAAGATAATGCTAAATTTGCCGATGGCACACCTGTCACTGCCGAAGCAGTAAAACTTTCTTTTGAGCGGCTACTAAAAATCGGCCAGGGGCCAGCAGAAGCATTTCCC,0.630572626912013
CGAAGTTGTAGCAGGCTTCGGTTTTTATTTTTCCCTGCTATGCAAGATGTTAATTCCGCTTCTCTTTCTATGAGAAAATTTCATTAATATCAGGCATTCTTTTTCATTATGATCAAAATCATATAATTGTTCCGTTATTATGCGACCATA,0.815443410906804
TTCAGGCAGAGATGCGCATCTGGAAAAAACGTCGCGAAGGTGAACGCAAGGAAACCGGAAAATACACGTCTGTTGTTGATCTCGCCCGCGCCAGAGCCAATCAACAGTACACTGAAAATTCAACAGGAAAAATCAGCCCGGTCATTGCTG,0.637742149819813
TATCGATTCTATCATAAGCAATGGTCTGAAACGCTGGAGTTCTGGCCGCGAAAGCCTGAACCTGGCAAAGATACCTTCCAATATCATGTGCTTCCTTTTGACTCGATCGATATCATAAGTAAAAGACGCGAGTCTTTAGAGGATCAATGG,0.706105875995685
GCCCCATAGCGCCGCCAGGCGGATAAAATCGGCATCGGGTTGCCAGTCCGGATACATGGCGAATTTCCCCATGGGTACAGCAACGGGAGCGGCTTGCGGTTCCTGATAGAGTTGATCGTCCAGAGCGACATCGCTTCCCGGACGCGCCAG,0.653544348576575
TCGTCTATCCAGTGATTCGCCCCCTGGTCGTGATAATCACCGCCGCCAGCGCCTTTTTCTGCTGTCGCACCGCCAGTAAACCAGGCGCGAACCTGTTTAATTTTTGGTAGGGTCATGATGTTCTCCATTGTTATGAGGCTTGTAAGTCAA,0.745524716632456
TCACTGCTTAGCACCCATAAGGTGCTGCGTAATACCTATTTTCTGCTGAGCCTGACGCTGGCCTTTTCGGCGATTACCGCAACTGCCAGTACGGTGCTGATGCTGCCATCTCCGGGTCTGATTCTGACGCTGGTGGGTATGTATGGTTTG,0.635994835155842
TCATCCTTTAGGCATTTGCACAATGCCGTACGTTACGTACTTCCTTATGCTAAGCCGTGCATAACGGAGGACTTATGGCTGGCTGGCATCTTGATACCAAAATGGCGCAGGATATCGTGGCACGTACCATGCGCATCATCGATACCAATA,0.602889370508882
ATCATGTTCTGAGTAATCTCGACGCTTATCTGTACCAGCTCTCAGAAAAAGTGACGCAAAACGGCGGTCACGTCTATTTTGCAAGAACCAAAGAAGACGCTACCCGCTACATTTTACAGGTTGCCCAACGCAAAAATGCCCGGAAGGTGG,0.781225014637942
GAAAATCGTGGAGTTTCCTTGGTTTCAATGTGTCTCCCTTTGTTACCCCAAACAGCGAAATTAAAGCACTGATAAAAAATATTCACGAAACCTGGGCAAATATAGGCTACTTTTTAATCGCAGCTCACGCTGGCGCAGCACTCTTTCATC,0.761779795098371
